<?xml version="1.0" encoding="UTF-8"?>
<mets xmlns="http://www.loc.gov/METS/" xmlns:xlink="http://www.w3.org/1999/xlink" xmlns:xsi="http://www.w3.org/2001/XMLSchema-instance" xsi:schemaLocation="http://www.loc.gov/METS/ http://www.loc.gov/standards/mets/mets.xsd" TYPE="artifact-doe">
 <mets:dmdSec xmlns:mets="http://www.loc.gov/METS/" ID="DMD">
    <mets:mdWrap MDTYPE="MODS">
      <mets:xmlData>
        <mods xmlns="http://www.loc.gov/mods/v3" xsi:schemaLocation="http://www.loc.gov/mods/v3 http://www.loc.gov/standards/mods/v3/mods.xsd">
          <mods:identifier xmlns:mods="http://www.loc.gov/mods/v3" type="doi">10.5281/zenodo.6335690</mods:identifier>
          <mods:titleInfo xmlns:mods="http://www.loc.gov/mods/v3" ID="title">
            <mods:title>Implementation of the article &quot;DeepRest: Deep Resource Estimation for Interactive Microservices&quot;</mods:title>
            <mods:subTitle />
          </mods:titleInfo>
          <mods:name xmlns:mods="http://www.loc.gov/mods/v3" ID="artseq-0">
            <mods:namePart type="given">Ka-Ho</mods:namePart>
            <mods:namePart type="family">Chow</mods:namePart>
            <mods:namePart type="termsOfAddress"></mods:namePart>
            <mods:displayForm>Ka-Ho Chow</mods:displayForm>
            <mods:nameIdentifier type="ORCID"></mods:nameIdentifier>
            <mods:role>
              <mods:roleTerm>Contributor</mods:roleTerm>
            </mods:role>
            <mods:nameIdentifier type="email">khchow@gatech.edu</mods:nameIdentifier>
            <mods:affiliation>Georgia Institute of Technology</mods:affiliation>
          </mods:name>
          <mods:name xmlns:mods="http://www.loc.gov/mods/v3" ID="artseq-1">
            <mods:namePart type="given">Umesh</mods:namePart>
            <mods:namePart type="family">Deshpande</mods:namePart>
            <mods:namePart type="termsOfAddress"></mods:namePart>
            <mods:displayForm>Umesh Deshpande</mods:displayForm>
            <mods:nameIdentifier type="ORCID"></mods:nameIdentifier>
            <mods:role>
              <mods:roleTerm>Contributor</mods:roleTerm>
            </mods:role>
            <mods:nameIdentifier type="email">udeshpa@us.ibm.com</mods:nameIdentifier>
            <mods:affiliation>IBM Research - Almaden</mods:affiliation>
          </mods:name>
          <mods:name xmlns:mods="http://www.loc.gov/mods/v3" ID="artseq-2">
            <mods:namePart type="given">Sangeetha</mods:namePart>
            <mods:namePart type="family">Seshadri</mods:namePart>
            <mods:namePart type="termsOfAddress"></mods:namePart>
            <mods:displayForm>Sangeetha Seshadri</mods:displayForm>
            <mods:nameIdentifier type="ORCID"></mods:nameIdentifier>
            <mods:role>
              <mods:roleTerm>Contributor</mods:roleTerm>
            </mods:role>
            <mods:nameIdentifier type="email">seshadrs@us.ibm.com</mods:nameIdentifier>
            <mods:affiliation>IBM Research - Almaden</mods:affiliation>
          </mods:name>
          <mods:name xmlns:mods="http://www.loc.gov/mods/v3" ID="artseq-3">
            <mods:namePart type="given">Ling</mods:namePart>
            <mods:namePart type="family">Liu</mods:namePart>
            <mods:namePart type="termsOfAddress"></mods:namePart>
            <mods:displayForm>Ling Liu</mods:displayForm>
            <mods:nameIdentifier type="ORCID"></mods:nameIdentifier>
            <mods:role>
              <mods:roleTerm>Contributor</mods:roleTerm>
            </mods:role>
            <mods:nameIdentifier type="email">lingliu@cc.gatech.edu</mods:nameIdentifier>
            <mods:affiliation>Georgia Institute of Technology</mods:affiliation>
          </mods:name>

              <mods:subject xmlns:mods="http://www.loc.gov/mods/v3" authority="artifact_type" ID="type">
                <mods:topic authority="artfc-software">software</mods:topic>
            </mods:subject>
            <mods:subject xmlns:mods="http://www.loc.gov/mods/v3" authority="reproducibility-types" ID="badges">
                <mods:topic authority="artifacts_available_v101">Artifacts Available</mods:topic>
            </mods:subject>
            <mods:relatedItem xmlns:mods="http://www.loc.gov/mods/v3" displayLabel="Related Article" xlink:href="10.1145/3492321.3519564" ID="relatedDoi01"></mods:relatedItem>
            <mods:extension xmlns:mods="http://www.loc.gov/mods/v3">
                <atpn:do-extensions xmlns:atpn="http://www.atypon.com/digital-objects" xsi:schemaLocation="http://www.atypon.com/digital-objects http://www.atypon.com/digital-objects/digital-objects.xsd">
                <atpn:description><![CDATA[<p>Deep Learning for API-aware Resource Estimation</p>]]></atpn:description>
                <atpn:copyright>Author(s)</atpn:copyright>
                <atpn:version>1.0</atpn:version>
                <atpn:softwareDependencies />
                <atpn:hardwareDependencies />
                <atpn:installation />
                <atpn:otherInstructions />
                <atpn:eiInstallation />
                <atpn:eiParameterization />
                <atpn:eiEvaluation />
                <atpn:eiWorkflow />
                <atpn:eiOtherInstructions/>
                <atpn:dataDocumentation />
                <atpn:provenance></atpn:provenance>
                <atpn:accessCondition>free</atpn:accessCondition>
                <atpn:licenseUrl />
                <atpn:keywords nested-label="NONE">
                </atpn:keywords>
                <atpn:baseDoi>10.1145/artifact-doe-class</atpn:baseDoi>
                </atpn:do-extensions>
            </mods:extension>
            <mods:originInfo xmlns:mods="http://www.loc.gov/mods/v3">
                <mods:dateIssued encoding="iso8601">2022-03-18</mods:dateIssued>
            </mods:originInfo>
            </mods>
        </mets:xmlData>
        </mets:mdWrap>
    </mets:dmdSec>
    <mets:structMap xmlns:mets="http://www.loc.gov/METS/">
        <mets:div></mets:div>
    </mets:structMap>
</mets>