<?xml version="1.0" encoding="UTF-8"?>
<mets xmlns="http://www.loc.gov/METS/" xmlns:xlink="http://www.w3.org/1999/xlink" xmlns:xsi="http://www.w3.org/2001/XMLSchema-instance" xsi:schemaLocation="http://www.loc.gov/METS/ http://www.loc.gov/standards/mets/mets.xsd" TYPE="artifact-doe">
 <mets:dmdSec xmlns:mets="http://www.loc.gov/METS/" ID="DMD">
    <mets:mdWrap MDTYPE="MODS">
      <mets:xmlData>
        <mods xmlns="http://www.loc.gov/mods/v3" xsi:schemaLocation="http://www.loc.gov/mods/v3 http://www.loc.gov/standards/mods/v3/mods.xsd">
          <mods:identifier xmlns:mods="http://www.loc.gov/mods/v3" type="doi">10.5281/zenodo.6348174</mods:identifier>
          <mods:titleInfo xmlns:mods="http://www.loc.gov/mods/v3" ID="title">
            <mods:title>Implementation of the article &quot;Kite: Lightweight Critical Service Domains full strip note&quot;</mods:title>
            <mods:subTitle />
          </mods:titleInfo>
          <mods:name xmlns:mods="http://www.loc.gov/mods/v3" ID="artseq-0">
            <mods:namePart type="given">A K M Fazla</mods:namePart>
            <mods:namePart type="family">Mehrab</mods:namePart>
            <mods:namePart type="termsOfAddress"></mods:namePart>
            <mods:displayForm>A K M Fazla Mehrab</mods:displayForm>
            <mods:nameIdentifier type="ORCID"></mods:nameIdentifier>
            <mods:role>
              <mods:roleTerm>Contributor</mods:roleTerm>
            </mods:role>
            <mods:nameIdentifier type="email">mehrab@vt.edu</mods:nameIdentifier>
            <mods:affiliation>Virginia Tech</mods:affiliation>
          </mods:name>
          <mods:name xmlns:mods="http://www.loc.gov/mods/v3" ID="artseq-1">
            <mods:namePart type="given">Ruslan</mods:namePart>
            <mods:namePart type="family">Nikolaev</mods:namePart>
            <mods:namePart type="termsOfAddress"></mods:namePart>
            <mods:displayForm>Ruslan Nikolaev</mods:displayForm>
            <mods:nameIdentifier type="ORCID"></mods:nameIdentifier>
            <mods:role>
              <mods:roleTerm>Contributor</mods:roleTerm>
            </mods:role>
            <mods:nameIdentifier type="email">rnikola@psu.edu</mods:nameIdentifier>
            <mods:affiliation>The Pennsylvania State University</mods:affiliation>
          </mods:name>
          <mods:name xmlns:mods="http://www.loc.gov/mods/v3" ID="artseq-2">
            <mods:namePart type="given">Binoy</mods:namePart>
            <mods:namePart type="family">Ravindran</mods:namePart>
            <mods:namePart type="termsOfAddress"></mods:namePart>
            <mods:displayForm>Binoy Ravindran</mods:displayForm>
            <mods:nameIdentifier type="ORCID"></mods:nameIdentifier>
            <mods:role>
              <mods:roleTerm>Contributor</mods:roleTerm>
            </mods:role>
            <mods:nameIdentifier type="email">binoy@vt.edu</mods:nameIdentifier>
            <mods:affiliation>Virginia Tech</mods:affiliation>
          </mods:name>

              <mods:subject xmlns:mods="http://www.loc.gov/mods/v3" authority="artifact_type" ID="type">
                <mods:topic authority="artfc-software">software</mods:topic>
            </mods:subject>
            <mods:subject xmlns:mods="http://www.loc.gov/mods/v3" authority="reproducibility-types" ID="badges">
                <mods:topic authority="artifacts_available_v101">Artifacts Available</mods:topic>
                <mods:topic authority="artifacts_evaluated_functional_v101">Artifacts Evaluated — Functional</mods:topic>
                <mods:topic authority="results_reproduced_v101">Results Reproduced</mods:topic>
            </mods:subject>
            <mods:relatedItem xmlns:mods="http://www.loc.gov/mods/v3" displayLabel="Related Article" xlink:href="10.1145/3492321.3519586" ID="relatedDoi01"></mods:relatedItem>
            <mods:extension xmlns:mods="http://www.loc.gov/mods/v3">
                <atpn:do-extensions xmlns:atpn="http://www.atypon.com/digital-objects" xsi:schemaLocation="http://www.atypon.com/digital-objects http://www.atypon.com/digital-objects/digital-objects.xsd">
                <atpn:description><![CDATA[<p><p>Artifact for EuroSys&#39;22 paper &quot;Kite: Lightweight Critical Service Domains&quot;. Please see kite/README.md in Kite.zip for more information.&nbsp;Please also see the licensing terms in LICENSE.</p></p>]]></atpn:description>
                <atpn:copyright>Author(s)</atpn:copyright>
                <atpn:version>1.0</atpn:version>
                <atpn:softwareDependencies />
                <atpn:hardwareDependencies />
                <atpn:installation />
                <atpn:otherInstructions />
                <atpn:eiInstallation />
                <atpn:eiParameterization />
                <atpn:eiEvaluation />
                <atpn:eiWorkflow />
                <atpn:eiOtherInstructions/>
                <atpn:dataDocumentation />
                <atpn:provenance></atpn:provenance>
                <atpn:accessCondition>free</atpn:accessCondition>
                <atpn:licenseUrl />
                <atpn:keywords nested-label="NONE">
                </atpn:keywords>
                <atpn:baseDoi>10.1145/artifact-doe-class</atpn:baseDoi>
                </atpn:do-extensions>
            </mods:extension>
            <mods:originInfo xmlns:mods="http://www.loc.gov/mods/v3">
                <mods:dateIssued encoding="iso8601">2022-03-18</mods:dateIssued>
            </mods:originInfo>
            </mods>
        </mets:xmlData>
        </mets:mdWrap>
    </mets:dmdSec>
    <mets:structMap xmlns:mets="http://www.loc.gov/METS/">
        <mets:div></mets:div>
    </mets:structMap>
</mets>